Region,School Year,Grade Level,Students
Region I - Ilocos Region,2010-2011,Grade 7,84273.0
Region II - Cagayan Valley,2010-2011,Grade 7,54156.0
Region III - Central Luzon,2010-2011,Grade 7,171749.0
Region IV-A - CALABARZON,2010-2011,Grade 7,205849.0
Region IV-B - MIMAROPA,2010-2011,Grade 7,56084.0
Region V - Bicol Region,2010-2011,Grade 7,115366.0
Region VI - Western Visayas,2010-2011,Grade 7,134986.0
Region VII - Central Visayas,2010-2011,Grade 7,125737.0
Region VIII - Eastern Visayas,2010-2011,Grade 7,90002.0
Region IX - Zamboanga Peninsula,2010-2011,Grade 7,64729.0
Region X - Northern Mindanao,2010-2011,Grade 7,71037.0
Region XI - Davao Region,2010-2011,Grade 7,75186.0
Region XII - Soccsksargen,2010-2011,Grade 7,69835.0
CARAGA - CARAGA,2010-2011,Grade 7,46965.0
BARMM - Bangsamoro Autonomous Region in Muslim Mindanao,2010-2011,Grade 7,56998.0
CAR - Cordillera Administrative Region,2010-2011,Grade 7,24878.0
NCR - National Capital Region,2010-2011,Grade 7,195183.0
Region I - Ilocos Region,2011-2012,Grade 7,82278.0
Region II - Cagayan Valley,2011-2012,Grade 7,52504.0
Region III - Central Luzon,2011-2012,Grade 7,170664.0
Region IV-A - CALABARZON,2011-2012,Grade 7,205938.0
Region IV-B - MIMAROPA,2011-2012,Grade 7,55771.0
Region V - Bicol Region,2011-2012,Grade 7,119716.0
Region VI - Western Visayas,2011-2012,Grade 7,135105.0
Region VII - Central Visayas,2011-2012,Grade 7,123904.0
Region VIII - Eastern Visayas,2011-2012,Grade 7,89578.0
Region IX - Zamboanga Peninsula,2011-2012,Grade 7,64687.0
Region X - Northern Mindanao,2011-2012,Grade 7,70622.0
Region XI - Davao Region,2011-2012,Grade 7,75555.0
Region XII - Soccsksargen,2011-2012,Grade 7,71246.0
CARAGA - CARAGA,2011-2012,Grade 7,46641.0
BARMM - Bangsamoro Autonomous Region in Muslim Mindanao,2011-2012,Grade 7,54850.0
CAR - Cordillera Administrative Region,2011-2012,Grade 7,24838.0
NCR - National Capital Region,2011-2012,Grade 7,190292.0
Region I - Ilocos Region,2012-2013,Grade 7,86007.0
Region II - Cagayan Valley,2012-2013,Grade 7,53499.0
Region III - Central Luzon,2012-2013,Grade 7,175897.0
Region IV-A - CALABARZON,2012-2013,Grade 7,212275.0
Region IV-B - MIMAROPA,2012-2013,Grade 7,56886.0
Region V - Bicol Region,2012-2013,Grade 7,120238.0
Region VI - Western Visayas,2012-2013,Grade 7,134289.0
Region VII - Central Visayas,2012-2013,Grade 7,130264.0
Region VIII - Eastern Visayas,2012-2013,Grade 7,92121.0
Region IX - Zamboanga Peninsula,2012-2013,Grade 7,62798.0
Region X - Northern Mindanao,2012-2013,Grade 7,69611.0
Region XI - Davao Region,2012-2013,Grade 7,75946.0
Region XII - Soccsksargen,2012-2013,Grade 7,71210.0
CARAGA - CARAGA,2012-2013,Grade 7,47122.0
BARMM - Bangsamoro Autonomous Region in Muslim Mindanao,2012-2013,Grade 7,48908.0
CAR - Cordillera Administrative Region,2012-2013,Grade 7,25614.0
NCR - National Capital Region,2012-2013,Grade 7,196030.0
Region I - Ilocos Region,2013-2014,Grade 7,87149.0
Region II - Cagayan Valley,2013-2014,Grade 7,54610.0
Region III - Central Luzon,2013-2014,Grade 7,181271.0
Region IV-A - CALABARZON,2013-2014,Grade 7,212123.0
Region IV-B - MIMAROPA,2013-2014,Grade 7,58033.0
Region V - Bicol Region,2013-2014,Grade 7,122133.0
Region VI - Western Visayas,2013-2014,Grade 7,134516.0
Region VII - Central Visayas,2013-2014,Grade 7,131199.0
Region VIII - Eastern Visayas,2013-2014,Grade 7,93689.0
Region IX - Zamboanga Peninsula,2013-2014,Grade 7,62516.0
Region X - Northern Mindanao,2013-2014,Grade 7,70273.0
Region XI - Davao Region,2013-2014,Grade 7,77546.0
Region XII - Soccsksargen,2013-2014,Grade 7,71859.0
CARAGA - CARAGA,2013-2014,Grade 7,49674.0
BARMM - Bangsamoro Autonomous Region in Muslim Mindanao,2013-2014,Grade 7,47671.0
CAR - Cordillera Administrative Region,2013-2014,Grade 7,25809.0
NCR - National Capital Region,2013-2014,Grade 7,194130.0
Region I - Ilocos Region,2014-2015,Grade 7,85018.0
Region II - Cagayan Valley,2014-2015,Grade 7,55333.0
Region III - Central Luzon,2014-2015,Grade 7,178448.0
Region IV-A - CALABARZON,2014-2015,Grade 7,217372.0
Region IV-B - MIMAROPA,2014-2015,Grade 7,60076.0
Region V - Bicol Region,2014-2015,Grade 7,125599.0
Region VI - Western Visayas,2014-2015,Grade 7,134771.0
Region VII - Central Visayas,2014-2015,Grade 7,131882.0
Region VIII - Eastern Visayas,2014-2015,Grade 7,93063.0
Region IX - Zamboanga Peninsula,2014-2015,Grade 7,66654.0
Region X - Northern Mindanao,2014-2015,Grade 7,73669.0
Region XI - Davao Region,2014-2015,Grade 7,82294.0
Region XII - Soccsksargen,2014-2015,Grade 7,76981.0
CARAGA - CARAGA,2014-2015,Grade 7,51413.0
BARMM - Bangsamoro Autonomous Region in Muslim Mindanao,2014-2015,Grade 7,42453.0
CAR - Cordillera Administrative Region,2014-2015,Grade 7,26022.0
NCR - National Capital Region,2014-2015,Grade 7,186452.0
Region I - Ilocos Region,2015-2016,Grade 7,86610.0
Region II - Cagayan Valley,2015-2016,Grade 7,56814.0
Region III - Central Luzon,2015-2016,Grade 7,181127.0
Region IV-A - CALABARZON,2015-2016,Grade 7,220338.0
Region IV-B - MIMAROPA,2015-2016,Grade 7,61440.0
Region V - Bicol Region,2015-2016,Grade 7,127813.0
Region VI - Western Visayas,2015-2016,Grade 7,140179.0
Region VII - Central Visayas,2015-2016,Grade 7,136120.0
Region VIII - Eastern Visayas,2015-2016,Grade 7,96219.0
Region IX - Zamboanga Peninsula,2015-2016,Grade 7,69650.0
Region X - Northern Mindanao,2015-2016,Grade 7,74576.0
Region XI - Davao Region,2015-2016,Grade 7,85451.0
Region XII - Soccsksargen,2015-2016,Grade 7,78329.0
CARAGA - CARAGA,2015-2016,Grade 7,52244.0
BARMM - Bangsamoro Autonomous Region in Muslim Mindanao,2015-2016,Grade 7,39376.0
CAR - Cordillera Administrative Region,2015-2016,Grade 7,26433.0
NCR - National Capital Region,2015-2016,Grade 7,180614.0
Region I - Ilocos Region,2016-2017,Grade 7,89287.0
Region II - Cagayan Valley,2016-2017,Grade 7,57833.0
Region III - Central Luzon,2016-2017,Grade 7,186364.0
Region IV-A - CALABARZON,2016-2017,Grade 7,229303.0
Region IV-B - MIMAROPA,2016-2017,Grade 7,62435.0
Region V - Bicol Region,2016-2017,Grade 7,134194.0
Region VI - Western Visayas,2016-2017,Grade 7,142409.0
Region VII - Central Visayas,2016-2017,Grade 7,141720.0
Region VIII - Eastern Visayas,2016-2017,Grade 7,100071.0
Region IX - Zamboanga Peninsula,2016-2017,Grade 7,74892.0
Region X - Northern Mindanao,2016-2017,Grade 7,80235.0
Region XI - Davao Region,2016-2017,Grade 7,93462.0
Region XII - Soccsksargen,2016-2017,Grade 7,81983.0
CARAGA - CARAGA,2016-2017,Grade 7,54836.0
BARMM - Bangsamoro Autonomous Region in Muslim Mindanao,2016-2017,Grade 7,41371.0
CAR - Cordillera Administrative Region,2016-2017,Grade 7,27431.0
NCR - National Capital Region,2016-2017,Grade 7,184954.0
Region I - Ilocos Region,2017-2018,Grade 7,91575.0
Region II - Cagayan Valley,2017-2018,Grade 7,59740.0
Region III - Central Luzon,2017-2018,Grade 7,187136.0
Region IV-A - CALABARZON,2017-2018,Grade 7,239737.0
Region IV-B - MIMAROPA,2017-2018,Grade 7,66785.0
Region V - Bicol Region,2017-2018,Grade 7,141475.0
Region VI - Western Visayas,2017-2018,Grade 7,154604.0
Region VII - Central Visayas,2017-2018,Grade 7,145688.0
Region VIII - Eastern Visayas,2017-2018,Grade 7,103454.0
Region IX - Zamboanga Peninsula,2017-2018,Grade 7,81043.0
Region X - Northern Mindanao,2017-2018,Grade 7,86641.0
Region XI - Davao Region,2017-2018,Grade 7,100071.0
Region XII - Soccsksargen,2017-2018,Grade 7,90086.0
CARAGA - CARAGA,2017-2018,Grade 7,58072.0
BARMM - Bangsamoro Autonomous Region in Muslim Mindanao,2017-2018,Grade 7,40759.0
CAR - Cordillera Administrative Region,2017-2018,Grade 7,27856.0
NCR - National Capital Region,2017-2018,Grade 7,187456.0
Region I - Ilocos Region,2018-2019,Grade 7,96020.0
Region II - Cagayan Valley,2018-2019,Grade 7,66037.0
Region III - Central Luzon,2018-2019,Grade 7,200973.0
Region IV-A - CALABARZON,2018-2019,Grade 7,265377.0
Region IV-B - MIMAROPA,2018-2019,Grade 7,70492.0
Region V - Bicol Region,2018-2019,Grade 7,154898.0
Region VI - Western Visayas,2018-2019,Grade 7,176860.0
Region VII - Central Visayas,2018-2019,Grade 7,170006.0
Region VIII - Eastern Visayas,2018-2019,Grade 7,106839.0
Region IX - Zamboanga Peninsula,2018-2019,Grade 7,94360.0
Region X - Northern Mindanao,2018-2019,Grade 7,96861.0
Region XI - Davao Region,2018-2019,Grade 7,111786.0
Region XII - Soccsksargen,2018-2019,Grade 7,97747.0
CARAGA - CARAGA,2018-2019,Grade 7,60392.0
BARMM - Bangsamoro Autonomous Region in Muslim Mindanao,2018-2019,Grade 7,45172.0
CAR - Cordillera Administrative Region,2018-2019,Grade 7,29931.0
NCR - National Capital Region,2018-2019,Grade 7,196030.0
Region I - Ilocos Region,2019-2020,Grade 7,93602.0
Region II - Cagayan Valley,2019-2020,Grade 7,63395.0
Region III - Central Luzon,2019-2020,Grade 7,198107.0
Region IV-A - CALABARZON,2019-2020,Grade 7,252911.0
Region IV-B - MIMAROPA,2019-2020,Grade 7,64415.0
Region V - Bicol Region,2019-2020,Grade 7,132293.0
Region VI - Western Visayas,2019-2020,Grade 7,156002.0
Region VII - Central Visayas,2019-2020,Grade 7,147746.0
Region VIII - Eastern Visayas,2019-2020,Grade 7,98759.0
Region IX - Zamboanga Peninsula,2019-2020,Grade 7,82185.0
Region X - Northern Mindanao,2019-2020,Grade 7,90768.0
Region XI - Davao Region,2019-2020,Grade 7,102529.0
Region XII - Soccsksargen,2019-2020,Grade 7,92748.0
CARAGA - CARAGA,2019-2020,Grade 7,56228.0
BARMM - Bangsamoro Autonomous Region in Muslim Mindanao,2019-2020,Grade 7,47038.0
CAR - Cordillera Administrative Region,2019-2020,Grade 7,27780.0
NCR - National Capital Region,2019-2020,Grade 7,191052.0
Region I - Ilocos Region,2020-2021,Grade 7,92467.0
Region II - Cagayan Valley,2020-2021,Grade 7,66195.0
Region III - Central Luzon,2020-2021,Grade 7,195207.0
Region IV-A - CALABARZON,2020-2021,Grade 7,244844.0
Region IV-B - MIMAROPA,2020-2021,Grade 7,61043.0
Region V - Bicol Region,2020-2021,Grade 7,109620.0
Region VI - Western Visayas,2020-2021,Grade 7,151250.0
Region VII - Central Visayas,2020-2021,Grade 7,137491.0
Region VIII - Eastern Visayas,2020-2021,Grade 7,96281.0
Region IX - Zamboanga Peninsula,2020-2021,Grade 7,77452.0
Region X - Northern Mindanao,2020-2021,Grade 7,84774.0
Region XI - Davao Region,2020-2021,Grade 7,88835.0
Region XII - Soccsksargen,2020-2021,Grade 7,89355.0
CARAGA - CARAGA,2020-2021,Grade 7,55731.0
BARMM - Bangsamoro Autonomous Region in Muslim Mindanao,2020-2021,Grade 7,42776.0
CAR - Cordillera Administrative Region,2020-2021,Grade 7,27104.0
NCR - National Capital Region,2020-2021,Grade 7,178693.0
Region I - Ilocos Region,2010-2011,Grade 8,78310.0
Region II - Cagayan Valley,2010-2011,Grade 8,50818.0
Region III - Central Luzon,2010-2011,Grade 8,153636.0
Region IV-A - CALABARZON,2010-2011,Grade 8,183617.0
Region IV-B - MIMAROPA,2010-2011,Grade 8,48352.0
Region V - Bicol Region,2010-2011,Grade 8,98742.0
Region VI - Western Visayas,2010-2011,Grade 8,122672.0
Region VII - Central Visayas,2010-2011,Grade 8,107960.0
Region VIII - Eastern Visayas,2010-2011,Grade 8,76297.0
Region IX - Zamboanga Peninsula,2010-2011,Grade 8,55241.0
Region X - Northern Mindanao,2010-2011,Grade 8,59962.0
Region XI - Davao Region,2010-2011,Grade 8,64442.0
Region XII - Soccsksargen,2010-2011,Grade 8,60821.0
CARAGA - CARAGA,2010-2011,Grade 8,42339.0
BARMM - Bangsamoro Autonomous Region in Muslim Mindanao,2010-2011,Grade 8,47939.0
CAR - Cordillera Administrative Region,2010-2011,Grade 8,22283.0
NCR - National Capital Region,2010-2011,Grade 8,176840.0
Region I - Ilocos Region,2011-2012,Grade 8,78752.0
Region II - Cagayan Valley,2011-2012,Grade 8,50652.0
Region III - Central Luzon,2011-2012,Grade 8,156282.0
Region IV-A - CALABARZON,2011-2012,Grade 8,189171.0
Region IV-B - MIMAROPA,2011-2012,Grade 8,50663.0
Region V - Bicol Region,2011-2012,Grade 8,101876.0
Region VI - Western Visayas,2011-2012,Grade 8,122704.0
Region VII - Central Visayas,2011-2012,Grade 8,109867.0
Region VIII - Eastern Visayas,2011-2012,Grade 8,78630.0
Region IX - Zamboanga Peninsula,2011-2012,Grade 8,55932.0
Region X - Northern Mindanao,2011-2012,Grade 8,61031.0
Region XI - Davao Region,2011-2012,Grade 8,65730.0
Region XII - Soccsksargen,2011-2012,Grade 8,60702.0
CARAGA - CARAGA,2011-2012,Grade 8,42030.0
BARMM - Bangsamoro Autonomous Region in Muslim Mindanao,2011-2012,Grade 8,47168.0
CAR - Cordillera Administrative Region,2011-2012,Grade 8,22394.0
NCR - National Capital Region,2011-2012,Grade 8,178549.0
Region I - Ilocos Region,2012-2013,Grade 8,77773.0
Region II - Cagayan Valley,2012-2013,Grade 8,49269.0
Region III - Central Luzon,2012-2013,Grade 8,156920.0
Region IV-A - CALABARZON,2012-2013,Grade 8,192644.0
Region IV-B - MIMAROPA,2012-2013,Grade 8,51307.0
Region V - Bicol Region,2012-2013,Grade 8,105990.0
Region VI - Western Visayas,2012-2013,Grade 8,123559.0
Region VII - Central Visayas,2012-2013,Grade 8,111785.0
Region VIII - Eastern Visayas,2012-2013,Grade 8,79563.0
Region IX - Zamboanga Peninsula,2012-2013,Grade 8,55734.0
Region X - Northern Mindanao,2012-2013,Grade 8,61115.0
Region XI - Davao Region,2012-2013,Grade 8,67246.0
Region XII - Soccsksargen,2012-2013,Grade 8,61570.0
CARAGA - CARAGA,2012-2013,Grade 8,42090.0
BARMM - Bangsamoro Autonomous Region in Muslim Mindanao,2012-2013,Grade 8,42951.0
CAR - Cordillera Administrative Region,2012-2013,Grade 8,22618.0
NCR - National Capital Region,2012-2013,Grade 8,174440.0
Region I - Ilocos Region,2013-2014,Grade 8,81099.0
Region II - Cagayan Valley,2013-2014,Grade 8,50284.0
Region III - Central Luzon,2013-2014,Grade 8,165830.0
Region IV-A - CALABARZON,2013-2014,Grade 8,195448.0
Region IV-B - MIMAROPA,2013-2014,Grade 8,52386.0
Region V - Bicol Region,2013-2014,Grade 8,108945.0
Region VI - Western Visayas,2013-2014,Grade 8,126055.0
Region VII - Central Visayas,2013-2014,Grade 8,117171.0
Region VIII - Eastern Visayas,2013-2014,Grade 8,82827.0
Region IX - Zamboanga Peninsula,2013-2014,Grade 8,54723.0
Region X - Northern Mindanao,2013-2014,Grade 8,62109.0
Region XI - Davao Region,2013-2014,Grade 8,67646.0
Region XII - Soccsksargen,2013-2014,Grade 8,62925.0
CARAGA - CARAGA,2013-2014,Grade 8,43281.0
BARMM - Bangsamoro Autonomous Region in Muslim Mindanao,2013-2014,Grade 8,43305.0
CAR - Cordillera Administrative Region,2013-2014,Grade 8,23676.0
NCR - National Capital Region,2013-2014,Grade 8,181757.0
Region I - Ilocos Region,2014-2015,Grade 8,82858.0
Region II - Cagayan Valley,2014-2015,Grade 8,51478.0
Region III - Central Luzon,2014-2015,Grade 8,169939.0
Region IV-A - CALABARZON,2014-2015,Grade 8,203856.0
Region IV-B - MIMAROPA,2014-2015,Grade 8,53914.0
Region V - Bicol Region,2014-2015,Grade 8,112533.0
Region VI - Western Visayas,2014-2015,Grade 8,127830.0
Region VII - Central Visayas,2014-2015,Grade 8,121390.0
Region VIII - Eastern Visayas,2014-2015,Grade 8,84255.0
Region IX - Zamboanga Peninsula,2014-2015,Grade 8,57966.0
Region X - Northern Mindanao,2014-2015,Grade 8,64835.0
Region XI - Davao Region,2014-2015,Grade 8,72386.0
Region XII - Soccsksargen,2014-2015,Grade 8,68312.0
CARAGA - CARAGA,2014-2015,Grade 8,46426.0
BARMM - Bangsamoro Autonomous Region in Muslim Mindanao,2014-2015,Grade 8,39747.0
CAR - Cordillera Administrative Region,2014-2015,Grade 8,24364.0
NCR - National Capital Region,2014-2015,Grade 8,179998.0
Region I - Ilocos Region,2015-2016,Grade 8,81038.0
Region II - Cagayan Valley,2015-2016,Grade 8,52449.0
Region III - Central Luzon,2015-2016,Grade 8,169660.0
Region IV-A - CALABARZON,2015-2016,Grade 8,208808.0
Region IV-B - MIMAROPA,2015-2016,Grade 8,56119.0
Region V - Bicol Region,2015-2016,Grade 8,116400.0
Region VI - Western Visayas,2015-2016,Grade 8,127433.0
Region VII - Central Visayas,2015-2016,Grade 8,123074.0
Region VIII - Eastern Visayas,2015-2016,Grade 8,86530.0
Region IX - Zamboanga Peninsula,2015-2016,Grade 8,60954.0
Region X - Northern Mindanao,2015-2016,Grade 8,67539.0
Region XI - Davao Region,2015-2016,Grade 8,76576.0
Region XII - Soccsksargen,2015-2016,Grade 8,70873.0
CARAGA - CARAGA,2015-2016,Grade 8,47756.0
BARMM - Bangsamoro Autonomous Region in Muslim Mindanao,2015-2016,Grade 8,37113.0
CAR - Cordillera Administrative Region,2015-2016,Grade 8,24492.0
NCR - National Capital Region,2015-2016,Grade 8,174511.0
Region I - Ilocos Region,2016-2017,Grade 8,83558.0
Region II - Cagayan Valley,2016-2017,Grade 8,53834.0
Region III - Central Luzon,2016-2017,Grade 8,172094.0
Region IV-A - CALABARZON,2016-2017,Grade 8,211882.0
Region IV-B - MIMAROPA,2016-2017,Grade 8,56998.0
Region V - Bicol Region,2016-2017,Grade 8,119331.0
Region VI - Western Visayas,2016-2017,Grade 8,132397.0
Region VII - Central Visayas,2016-2017,Grade 8,126324.0
Region VIII - Eastern Visayas,2016-2017,Grade 8,88532.0
Region IX - Zamboanga Peninsula,2016-2017,Grade 8,63440.0
Region X - Northern Mindanao,2016-2017,Grade 8,68471.0
Region XI - Davao Region,2016-2017,Grade 8,79356.0
Region XII - Soccsksargen,2016-2017,Grade 8,71886.0
CARAGA - CARAGA,2016-2017,Grade 8,48674.0
BARMM - Bangsamoro Autonomous Region in Muslim Mindanao,2016-2017,Grade 8,35758.0
CAR - Cordillera Administrative Region,2016-2017,Grade 8,24656.0
NCR - National Capital Region,2016-2017,Grade 8,172647.0
Region I - Ilocos Region,2017-2018,Grade 8,86456.0
Region II - Cagayan Valley,2017-2018,Grade 8,54665.0
Region III - Central Luzon,2017-2018,Grade 8,176377.0
Region IV-A - CALABARZON,2017-2018,Grade 8,218067.0
Region IV-B - MIMAROPA,2017-2018,Grade 8,58932.0
Region V - Bicol Region,2017-2018,Grade 8,126483.0
Region VI - Western Visayas,2017-2018,Grade 8,134916.0
Region VII - Central Visayas,2017-2018,Grade 8,131485.0
Region VIII - Eastern Visayas,2017-2018,Grade 8,92415.0
Region IX - Zamboanga Peninsula,2017-2018,Grade 8,68138.0
Region X - Northern Mindanao,2017-2018,Grade 8,73248.0
Region XI - Davao Region,2017-2018,Grade 8,86129.0
Region XII - Soccsksargen,2017-2018,Grade 8,75624.0
CARAGA - CARAGA,2017-2018,Grade 8,51799.0
BARMM - Bangsamoro Autonomous Region in Muslim Mindanao,2017-2018,Grade 8,36189.0
CAR - Cordillera Administrative Region,2017-2018,Grade 8,25432.0
NCR - National Capital Region,2017-2018,Grade 8,174025.0
Region I - Ilocos Region,2018-2019,Grade 8,90253.0
Region II - Cagayan Valley,2018-2019,Grade 8,58675.0
Region III - Central Luzon,2018-2019,Grade 8,184352.0
Region IV-A - CALABARZON,2018-2019,Grade 8,236711.0
Region IV-B - MIMAROPA,2018-2019,Grade 8,64034.0
Region V - Bicol Region,2018-2019,Grade 8,137243.0
Region VI - Western Visayas,2018-2019,Grade 8,149902.0
Region VII - Central Visayas,2018-2019,Grade 8,142368.0
Region VIII - Eastern Visayas,2018-2019,Grade 8,98280.0
Region IX - Zamboanga Peninsula,2018-2019,Grade 8,76682.0
Region X - Northern Mindanao,2018-2019,Grade 8,83872.0
Region XI - Davao Region,2018-2019,Grade 8,95221.0
Region XII - Soccsksargen,2018-2019,Grade 8,85037.0
CARAGA - CARAGA,2018-2019,Grade 8,56425.0
BARMM - Bangsamoro Autonomous Region in Muslim Mindanao,2018-2019,Grade 8,38493.0
CAR - Cordillera Administrative Region,2018-2019,Grade 8,26444.0
NCR - National Capital Region,2018-2019,Grade 8,181557.0
Region I - Ilocos Region,2019-2020,Grade 8,93218.0
Region II - Cagayan Valley,2019-2020,Grade 8,62960.0
Region III - Central Luzon,2019-2020,Grade 8,194024.0
Region IV-A - CALABARZON,2019-2020,Grade 8,254883.0
Region IV-B - MIMAROPA,2019-2020,Grade 8,66434.0
Region V - Bicol Region,2019-2020,Grade 8,144755.0
Region VI - Western Visayas,2019-2020,Grade 8,167595.0
Region VII - Central Visayas,2019-2020,Grade 8,157449.0
Region VIII - Eastern Visayas,2019-2020,Grade 8,99889.0
Region IX - Zamboanga Peninsula,2019-2020,Grade 8,84702.0
Region X - Northern Mindanao,2019-2020,Grade 8,89854.0
Region XI - Davao Region,2019-2020,Grade 8,103482.0
Region XII - Soccsksargen,2019-2020,Grade 8,91563.0
CARAGA - CARAGA,2019-2020,Grade 8,57766.0
BARMM - Bangsamoro Autonomous Region in Muslim Mindanao,2019-2020,Grade 8,41993.0
CAR - Cordillera Administrative Region,2019-2020,Grade 8,27876.0
NCR - National Capital Region,2019-2020,Grade 8,183797.0
Region I - Ilocos Region,2020-2021,Grade 8,92384.0
Region II - Cagayan Valley,2020-2021,Grade 8,63345.0
Region III - Central Luzon,2020-2021,Grade 8,192244.0
Region IV-A - CALABARZON,2020-2021,Grade 8,243509.0
Region IV-B - MIMAROPA,2020-2021,Grade 8,61488.0
Region V - Bicol Region,2020-2021,Grade 8,117412.0
Region VI - Western Visayas,2020-2021,Grade 8,156061.0
Region VII - Central Visayas,2020-2021,Grade 8,136900.0
Region VIII - Eastern Visayas,2020-2021,Grade 8,95531.0
Region IX - Zamboanga Peninsula,2020-2021,Grade 8,78463.0
Region X - Northern Mindanao,2020-2021,Grade 8,85504.0
Region XI - Davao Region,2020-2021,Grade 8,94063.0
Region XII - Soccsksargen,2020-2021,Grade 8,88169.0
CARAGA - CARAGA,2020-2021,Grade 8,55327.0
BARMM - Bangsamoro Autonomous Region in Muslim Mindanao,2020-2021,Grade 8,40888.0
CAR - Cordillera Administrative Region,2020-2021,Grade 8,26923.0
NCR - National Capital Region,2020-2021,Grade 8,176095.0
Region I - Ilocos Region,2010-2011,Grade 9,73506.0
Region II - Cagayan Valley,2010-2011,Grade 9,47089.0
Region III - Central Luzon,2010-2011,Grade 9,137746.0
Region IV-A - CALABARZON,2010-2011,Grade 9,165552.0
Region IV-B - MIMAROPA,2010-2011,Grade 9,43540.0
Region V - Bicol Region,2010-2011,Grade 9,88874.0
Region VI - Western Visayas,2010-2011,Grade 9,113441.0
Region VII - Central Visayas,2010-2011,Grade 9,95478.0
Region VIII - Eastern Visayas,2010-2011,Grade 9,66295.0
Region IX - Zamboanga Peninsula,2010-2011,Grade 9,48602.0
Region X - Northern Mindanao,2010-2011,Grade 9,53225.0
Region XI - Davao Region,2010-2011,Grade 9,56253.0
Region XII - Soccsksargen,2010-2011,Grade 9,53575.0
CARAGA - CARAGA,2010-2011,Grade 9,36508.0
BARMM - Bangsamoro Autonomous Region in Muslim Mindanao,2010-2011,Grade 9,41620.0
CAR - Cordillera Administrative Region,2010-2011,Grade 9,20700.0
NCR - National Capital Region,2010-2011,Grade 9,160444.0
Region I - Ilocos Region,2011-2012,Grade 9,72770.0
Region II - Cagayan Valley,2011-2012,Grade 9,47758.0
Region III - Central Luzon,2011-2012,Grade 9,141049.0
Region IV-A - CALABARZON,2011-2012,Grade 9,171268.0
Region IV-B - MIMAROPA,2011-2012,Grade 9,43696.0
Region V - Bicol Region,2011-2012,Grade 9,88728.0
Region VI - Western Visayas,2011-2012,Grade 9,111816.0
Region VII - Central Visayas,2011-2012,Grade 9,96049.0
Region VIII - Eastern Visayas,2011-2012,Grade 9,66649.0
Region IX - Zamboanga Peninsula,2011-2012,Grade 9,49412.0
Region X - Northern Mindanao,2011-2012,Grade 9,53113.0
Region XI - Davao Region,2011-2012,Grade 9,56742.0
Region XII - Soccsksargen,2011-2012,Grade 9,54951.0
CARAGA - CARAGA,2011-2012,Grade 9,38046.0
BARMM - Bangsamoro Autonomous Region in Muslim Mindanao,2011-2012,Grade 9,40951.0
CAR - Cordillera Administrative Region,2011-2012,Grade 9,20443.0
NCR - National Capital Region,2011-2012,Grade 9,162535.0
Region I - Ilocos Region,2012-2013,Grade 9,73547.0
Region II - Cagayan Valley,2012-2013,Grade 9,47040.0
Region III - Central Luzon,2012-2013,Grade 9,143055.0
Region IV-A - CALABARZON,2012-2013,Grade 9,177115.0
Region IV-B - MIMAROPA,2012-2013,Grade 9,46327.0
Region V - Bicol Region,2012-2013,Grade 9,91357.0
Region VI - Western Visayas,2012-2013,Grade 9,110795.0
Region VII - Central Visayas,2012-2013,Grade 9,99053.0
Region VIII - Eastern Visayas,2012-2013,Grade 9,69405.0
Region IX - Zamboanga Peninsula,2012-2013,Grade 9,49132.0
Region X - Northern Mindanao,2012-2013,Grade 9,54223.0
Region XI - Davao Region,2012-2013,Grade 9,57500.0
Region XII - Soccsksargen,2012-2013,Grade 9,54678.0
CARAGA - CARAGA,2012-2013,Grade 9,37434.0
BARMM - Bangsamoro Autonomous Region in Muslim Mindanao,2012-2013,Grade 9,37776.0
CAR - Cordillera Administrative Region,2012-2013,Grade 9,20657.0
NCR - National Capital Region,2012-2013,Grade 9,164856.0
Region I - Ilocos Region,2013-2014,Grade 9,73996.0
Region II - Cagayan Valley,2013-2014,Grade 9,46607.0
Region III - Central Luzon,2013-2014,Grade 9,147978.0
Region IV-A - CALABARZON,2013-2014,Grade 9,176917.0
Region IV-B - MIMAROPA,2013-2014,Grade 9,47153.0
Region V - Bicol Region,2013-2014,Grade 9,97870.0
Region VI - Western Visayas,2013-2014,Grade 9,114496.0
Region VII - Central Visayas,2013-2014,Grade 9,102469.0
Region VIII - Eastern Visayas,2013-2014,Grade 9,72191.0
Region IX - Zamboanga Peninsula,2013-2014,Grade 9,49576.0
Region X - Northern Mindanao,2013-2014,Grade 9,55802.0
Region XI - Davao Region,2013-2014,Grade 9,59922.0
Region XII - Soccsksargen,2013-2014,Grade 9,56173.0
CARAGA - CARAGA,2013-2014,Grade 9,38706.0
BARMM - Bangsamoro Autonomous Region in Muslim Mindanao,2013-2014,Grade 9,38394.0
CAR - Cordillera Administrative Region,2013-2014,Grade 9,21474.0
NCR - National Capital Region,2013-2014,Grade 9,164082.0
Region I - Ilocos Region,2014-2015,Grade 9,76409.0
Region II - Cagayan Valley,2014-2015,Grade 9,46546.0
Region III - Central Luzon,2014-2015,Grade 9,152166.0
Region IV-A - CALABARZON,2014-2015,Grade 9,184603.0
Region IV-B - MIMAROPA,2014-2015,Grade 9,48191.0
Region V - Bicol Region,2014-2015,Grade 9,99224.0
Region VI - Western Visayas,2014-2015,Grade 9,116642.0
Region VII - Central Visayas,2014-2015,Grade 9,106330.0
Region VIII - Eastern Visayas,2014-2015,Grade 9,73083.0
Region IX - Zamboanga Peninsula,2014-2015,Grade 9,50200.0
Region X - Northern Mindanao,2014-2015,Grade 9,56589.0
Region XI - Davao Region,2014-2015,Grade 9,62308.0
Region XII - Soccsksargen,2014-2015,Grade 9,59026.0
CARAGA - CARAGA,2014-2015,Grade 9,39770.0
BARMM - Bangsamoro Autonomous Region in Muslim Mindanao,2014-2015,Grade 9,34557.0
CAR - Cordillera Administrative Region,2014-2015,Grade 9,21910.0
NCR - National Capital Region,2014-2015,Grade 9,166510.0
Region I - Ilocos Region,2015-2016,Grade 9,77906.0
Region II - Cagayan Valley,2015-2016,Grade 9,48372.0
Region III - Central Luzon,2015-2016,Grade 9,160293.0
Region IV-A - CALABARZON,2015-2016,Grade 9,193974.0
Region IV-B - MIMAROPA,2015-2016,Grade 9,50309.0
Region V - Bicol Region,2015-2016,Grade 9,103700.0
Region VI - Western Visayas,2015-2016,Grade 9,119413.0
Region VII - Central Visayas,2015-2016,Grade 9,111684.0
Region VIII - Eastern Visayas,2015-2016,Grade 9,77349.0
Region IX - Zamboanga Peninsula,2015-2016,Grade 9,52770.0
Region X - Northern Mindanao,2015-2016,Grade 9,59511.0
Region XI - Davao Region,2015-2016,Grade 9,66207.0
Region XII - Soccsksargen,2015-2016,Grade 9,62738.0
CARAGA - CARAGA,2015-2016,Grade 9,42598.0
BARMM - Bangsamoro Autonomous Region in Muslim Mindanao,2015-2016,Grade 9,33342.0
CAR - Cordillera Administrative Region,2015-2016,Grade 9,22716.0
NCR - National Capital Region,2015-2016,Grade 9,166685.0
Region I - Ilocos Region,2016-2017,Grade 9,77423.0
Region II - Cagayan Valley,2016-2017,Grade 9,49245.0
Region III - Central Luzon,2016-2017,Grade 9,159427.0
Region IV-A - CALABARZON,2016-2017,Grade 9,198682.0
Region IV-B - MIMAROPA,2016-2017,Grade 9,51927.0
Region V - Bicol Region,2016-2017,Grade 9,106410.0
Region VI - Western Visayas,2016-2017,Grade 9,119497.0
Region VII - Central Visayas,2016-2017,Grade 9,112771.0
Region VIII - Eastern Visayas,2016-2017,Grade 9,78359.0
Region IX - Zamboanga Peninsula,2016-2017,Grade 9,55472.0
Region X - Northern Mindanao,2016-2017,Grade 9,61829.0
Region XI - Davao Region,2016-2017,Grade 9,69459.0
Region XII - Soccsksargen,2016-2017,Grade 9,64317.0
CARAGA - CARAGA,2016-2017,Grade 9,43770.0
BARMM - Bangsamoro Autonomous Region in Muslim Mindanao,2016-2017,Grade 9,32323.0
CAR - Cordillera Administrative Region,2016-2017,Grade 9,22868.0
NCR - National Capital Region,2016-2017,Grade 9,163890.0
Region I - Ilocos Region,2017-2018,Grade 9,80450.0
Region II - Cagayan Valley,2017-2018,Grade 9,50830.0
Region III - Central Luzon,2017-2018,Grade 9,163301.0
Region IV-A - CALABARZON,2017-2018,Grade 9,203132.0
Region IV-B - MIMAROPA,2017-2018,Grade 9,53946.0
Region V - Bicol Region,2017-2018,Grade 9,111874.0
Region VI - Western Visayas,2017-2018,Grade 9,125770.0
Region VII - Central Visayas,2017-2018,Grade 9,118317.0
Region VIII - Eastern Visayas,2017-2018,Grade 9,81854.0
Region IX - Zamboanga Peninsula,2017-2018,Grade 9,58259.0
Region X - Northern Mindanao,2017-2018,Grade 9,63540.0
Region XI - Davao Region,2017-2018,Grade 9,72562.0
Region XII - Soccsksargen,2017-2018,Grade 9,66329.0
CARAGA - CARAGA,2017-2018,Grade 9,45806.0
BARMM - Bangsamoro Autonomous Region in Muslim Mindanao,2017-2018,Grade 9,30539.0
CAR - Cordillera Administrative Region,2017-2018,Grade 9,23035.0
NCR - National Capital Region,2017-2018,Grade 9,164020.0
Region I - Ilocos Region,2018-2019,Grade 9,83292.0
Region II - Cagayan Valley,2018-2019,Grade 9,52014.0
Region III - Central Luzon,2018-2019,Grade 9,167852.0
Region IV-A - CALABARZON,2018-2019,Grade 9,211592.0
Region IV-B - MIMAROPA,2018-2019,Grade 9,55439.0
Region V - Bicol Region,2018-2019,Grade 9,118582.0
Region VI - Western Visayas,2018-2019,Grade 9,129041.0
Region VII - Central Visayas,2018-2019,Grade 9,124342.0
Region VIII - Eastern Visayas,2018-2019,Grade 9,85837.0
Region IX - Zamboanga Peninsula,2018-2019,Grade 9,62637.0
Region X - Northern Mindanao,2018-2019,Grade 9,68191.0
Region XI - Davao Region,2018-2019,Grade 9,79505.0
Region XII - Soccsksargen,2018-2019,Grade 9,70042.0
CARAGA - CARAGA,2018-2019,Grade 9,48859.0
BARMM - Bangsamoro Autonomous Region in Muslim Mindanao,2018-2019,Grade 9,32834.0
CAR - Cordillera Administrative Region,2018-2019,Grade 9,24129.0
NCR - National Capital Region,2018-2019,Grade 9,165571.0
Region I - Ilocos Region,2019-2020,Grade 9,87246.0
Region II - Cagayan Valley,2019-2020,Grade 9,56109.0
Region III - Central Luzon,2019-2020,Grade 9,176747.0
Region IV-A - CALABARZON,2019-2020,Grade 9,228298.0
Region IV-B - MIMAROPA,2019-2020,Grade 9,60241.0
Region V - Bicol Region,2019-2020,Grade 9,128244.0
Region VI - Western Visayas,2019-2020,Grade 9,141845.0
Region VII - Central Visayas,2019-2020,Grade 9,132972.0
Region VIII - Eastern Visayas,2019-2020,Grade 9,91609.0
Region IX - Zamboanga Peninsula,2019-2020,Grade 9,69589.0
Region X - Northern Mindanao,2019-2020,Grade 9,77525.0
Region XI - Davao Region,2019-2020,Grade 9,87417.0
Region XII - Soccsksargen,2019-2020,Grade 9,78428.0
CARAGA - CARAGA,2019-2020,Grade 9,52708.0
BARMM - Bangsamoro Autonomous Region in Muslim Mindanao,2019-2020,Grade 9,35254.0
CAR - Cordillera Administrative Region,2019-2020,Grade 9,24834.0
NCR - National Capital Region,2019-2020,Grade 9,173232.0
Region I - Ilocos Region,2020-2021,Grade 9,92277.0
Region II - Cagayan Valley,2020-2021,Grade 9,62601.0
Region III - Central Luzon,2020-2021,Grade 9,187749.0
Region IV-A - CALABARZON,2020-2021,Grade 9,246328.0
Region IV-B - MIMAROPA,2020-2021,Grade 9,62184.0
Region V - Bicol Region,2020-2021,Grade 9,126886.0
Region VI - Western Visayas,2020-2021,Grade 9,163762.0
Region VII - Central Visayas,2020-2021,Grade 9,145879.0
Region VIII - Eastern Visayas,2020-2021,Grade 9,96008.0
Region IX - Zamboanga Peninsula,2020-2021,Grade 9,80318.0
Region X - Northern Mindanao,2020-2021,Grade 9,84411.0
Region XI - Davao Region,2020-2021,Grade 9,94088.0
Region XII - Soccsksargen,2020-2021,Grade 9,86416.0
CARAGA - CARAGA,2020-2021,Grade 9,55806.0
BARMM - Bangsamoro Autonomous Region in Muslim Mindanao,2020-2021,Grade 9,37749.0
CAR - Cordillera Administrative Region,2020-2021,Grade 9,26454.0
NCR - National Capital Region,2020-2021,Grade 9,173562.0
Region I - Ilocos Region,2010-2011,Grade 10,68718.0
Region II - Cagayan Valley,2010-2011,Grade 10,42985.0
Region III - Central Luzon,2010-2011,Grade 10,120765.0
Region IV-A - CALABARZON,2010-2011,Grade 10,143008.0
Region IV-B - MIMAROPA,2010-2011,Grade 10,38317.0
Region V - Bicol Region,2010-2011,Grade 10,78227.0
Region VI - Western Visayas,2010-2011,Grade 10,99801.0
Region VII - Central Visayas,2010-2011,Grade 10,82874.0
Region VIII - Eastern Visayas,2010-2011,Grade 10,55745.0
Region IX - Zamboanga Peninsula,2010-2011,Grade 10,41617.0
Region X - Northern Mindanao,2010-2011,Grade 10,45276.0
Region XI - Davao Region,2010-2011,Grade 10,49119.0
Region XII - Soccsksargen,2010-2011,Grade 10,47063.0
CARAGA - CARAGA,2010-2011,Grade 10,31314.0
BARMM - Bangsamoro Autonomous Region in Muslim Mindanao,2010-2011,Grade 10,30858.0
CAR - Cordillera Administrative Region,2010-2011,Grade 10,18956.0
NCR - National Capital Region,2010-2011,Grade 10,139995.0
Region I - Ilocos Region,2011-2012,Grade 10,66237.0
Region II - Cagayan Valley,2011-2012,Grade 10,43495.0
Region III - Central Luzon,2011-2012,Grade 10,123256.0
Region IV-A - CALABARZON,2011-2012,Grade 10,148842.0
Region IV-B - MIMAROPA,2011-2012,Grade 10,38842.0
Region V - Bicol Region,2011-2012,Grade 10,79262.0
Region VI - Western Visayas,2011-2012,Grade 10,100727.0
Region VII - Central Visayas,2011-2012,Grade 10,85495.0
Region VIII - Eastern Visayas,2011-2012,Grade 10,57584.0
Region IX - Zamboanga Peninsula,2011-2012,Grade 10,43051.0
Region X - Northern Mindanao,2011-2012,Grade 10,45812.0
Region XI - Davao Region,2011-2012,Grade 10,48977.0
Region XII - Soccsksargen,2011-2012,Grade 10,47472.0
CARAGA - CARAGA,2011-2012,Grade 10,31548.0
BARMM - Bangsamoro Autonomous Region in Muslim Mindanao,2011-2012,Grade 10,31513.0
CAR - Cordillera Administrative Region,2011-2012,Grade 10,18793.0
NCR - National Capital Region,2011-2012,Grade 10,142861.0
Region I - Ilocos Region,2012-2013,Grade 10,66720.0
Region II - Cagayan Valley,2012-2013,Grade 10,43579.0
Region III - Central Luzon,2012-2013,Grade 10,126432.0
Region IV-A - CALABARZON,2012-2013,Grade 10,155429.0
Region IV-B - MIMAROPA,2012-2013,Grade 10,39703.0
Region V - Bicol Region,2012-2013,Grade 10,79417.0
Region VI - Western Visayas,2012-2013,Grade 10,99909.0
Region VII - Central Visayas,2012-2013,Grade 10,86565.0
Region VIII - Eastern Visayas,2012-2013,Grade 10,59123.0
Region IX - Zamboanga Peninsula,2012-2013,Grade 10,42750.0
Region X - Northern Mindanao,2012-2013,Grade 10,46279.0
Region XI - Davao Region,2012-2013,Grade 10,49998.0
Region XII - Soccsksargen,2012-2013,Grade 10,49311.0
CARAGA - CARAGA,2012-2013,Grade 10,33104.0
BARMM - Bangsamoro Autonomous Region in Muslim Mindanao,2012-2013,Grade 10,30466.0
CAR - Cordillera Administrative Region,2012-2013,Grade 10,18544.0
NCR - National Capital Region,2012-2013,Grade 10,145330.0
Region I - Ilocos Region,2013-2014,Grade 10,69152.0
Region II - Cagayan Valley,2013-2014,Grade 10,44035.0
Region III - Central Luzon,2013-2014,Grade 10,131871.0
Region IV-A - CALABARZON,2013-2014,Grade 10,159765.0
Region IV-B - MIMAROPA,2013-2014,Grade 10,42498.0
Region V - Bicol Region,2013-2014,Grade 10,83779.0
Region VI - Western Visayas,2013-2014,Grade 10,101829.0
Region VII - Central Visayas,2013-2014,Grade 10,90425.0
Region VIII - Eastern Visayas,2013-2014,Grade 10,63742.0
Region IX - Zamboanga Peninsula,2013-2014,Grade 10,42791.0
Region X - Northern Mindanao,2013-2014,Grade 10,49054.0
Region XI - Davao Region,2013-2014,Grade 10,51351.0
Region XII - Soccsksargen,2013-2014,Grade 10,48939.0
CARAGA - CARAGA,2013-2014,Grade 10,33482.0
BARMM - Bangsamoro Autonomous Region in Muslim Mindanao,2013-2014,Grade 10,32896.0
CAR - Cordillera Administrative Region,2013-2014,Grade 10,19351.0
NCR - National Capital Region,2013-2014,Grade 10,150144.0
Region I - Ilocos Region,2014-2015,Grade 10,71120.0
Region II - Cagayan Valley,2014-2015,Grade 10,43853.0
Region III - Central Luzon,2014-2015,Grade 10,137768.0
Region IV-A - CALABARZON,2014-2015,Grade 10,171723.0
Region IV-B - MIMAROPA,2014-2015,Grade 10,44384.0
Region V - Bicol Region,2014-2015,Grade 10,90850.0
Region VI - Western Visayas,2014-2015,Grade 10,109136.0
Region VII - Central Visayas,2014-2015,Grade 10,96926.0
Region VIII - Eastern Visayas,2014-2015,Grade 10,66382.0
Region IX - Zamboanga Peninsula,2014-2015,Grade 10,47121.0
Region X - Northern Mindanao,2014-2015,Grade 10,52124.0
Region XI - Davao Region,2014-2015,Grade 10,56606.0
Region XII - Soccsksargen,2014-2015,Grade 10,54748.0
CARAGA - CARAGA,2014-2015,Grade 10,35869.0
BARMM - Bangsamoro Autonomous Region in Muslim Mindanao,2014-2015,Grade 10,31327.0
CAR - Cordillera Administrative Region,2014-2015,Grade 10,20085.0
NCR - National Capital Region,2014-2015,Grade 10,152358.0
Region I - Ilocos Region,2015-2016,Grade 10,71137.0
Region II - Cagayan Valley,2015-2016,Grade 10,42568.0
Region III - Central Luzon,2015-2016,Grade 10,138981.0
Region IV-A - CALABARZON,2015-2016,Grade 10,172789.0
Region IV-B - MIMAROPA,2015-2016,Grade 10,43939.0
Region V - Bicol Region,2015-2016,Grade 10,89620.0
Region VI - Western Visayas,2015-2016,Grade 10,105427.0
Region VII - Central Visayas,2015-2016,Grade 10,96866.0
Region VIII - Eastern Visayas,2015-2016,Grade 10,66054.0
Region IX - Zamboanga Peninsula,2015-2016,Grade 10,44388.0
Region X - Northern Mindanao,2015-2016,Grade 10,51072.0
Region XI - Davao Region,2015-2016,Grade 10,55522.0
Region XII - Soccsksargen,2015-2016,Grade 10,53788.0
CARAGA - CARAGA,2015-2016,Grade 10,35524.0
BARMM - Bangsamoro Autonomous Region in Muslim Mindanao,2015-2016,Grade 10,28990.0
CAR - Cordillera Administrative Region,2015-2016,Grade 10,20312.0
NCR - National Capital Region,2015-2016,Grade 10,149735.0
Region I - Ilocos Region,2016-2017,Grade 10,73035.0
Region II - Cagayan Valley,2016-2017,Grade 10,44579.0
Region III - Central Luzon,2016-2017,Grade 10,146021.0
Region IV-A - CALABARZON,2016-2017,Grade 10,180091.0
Region IV-B - MIMAROPA,2016-2017,Grade 10,45722.0
Region V - Bicol Region,2016-2017,Grade 10,92591.0
Region VI - Western Visayas,2016-2017,Grade 10,108427.0
Region VII - Central Visayas,2016-2017,Grade 10,101771.0
Region VIII - Eastern Visayas,2016-2017,Grade 10,68283.0
Region IX - Zamboanga Peninsula,2016-2017,Grade 10,46161.0
Region X - Northern Mindanao,2016-2017,Grade 10,53539.0
Region XI - Davao Region,2016-2017,Grade 10,58945.0
Region XII - Soccsksargen,2016-2017,Grade 10,56081.0
CARAGA - CARAGA,2016-2017,Grade 10,38416.0
BARMM - Bangsamoro Autonomous Region in Muslim Mindanao,2016-2017,Grade 10,28809.0
CAR - Cordillera Administrative Region,2016-2017,Grade 10,20757.0
NCR - National Capital Region,2016-2017,Grade 10,152433.0
Region I - Ilocos Region,2017-2018,Grade 10,73724.0
Region II - Cagayan Valley,2017-2018,Grade 10,46210.0
Region III - Central Luzon,2017-2018,Grade 10,148767.0
Region IV-A - CALABARZON,2017-2018,Grade 10,187498.0
Region IV-B - MIMAROPA,2017-2018,Grade 10,48208.0
Region V - Bicol Region,2017-2018,Grade 10,98619.0
Region VI - Western Visayas,2017-2018,Grade 10,111629.0
Region VII - Central Visayas,2017-2018,Grade 10,105263.0
Region VIII - Eastern Visayas,2017-2018,Grade 10,71277.0
Region IX - Zamboanga Peninsula,2017-2018,Grade 10,50250.0
Region X - Northern Mindanao,2017-2018,Grade 10,56756.0
Region XI - Davao Region,2017-2018,Grade 10,63521.0
Region XII - Soccsksargen,2017-2018,Grade 10,58799.0
CARAGA - CARAGA,2017-2018,Grade 10,40558.0
BARMM - Bangsamoro Autonomous Region in Muslim Mindanao,2017-2018,Grade 10,27676.0
CAR - Cordillera Administrative Region,2017-2018,Grade 10,21164.0
NCR - National Capital Region,2017-2018,Grade 10,153286.0
Region I - Ilocos Region,2018-2019,Grade 10,76700.0
Region II - Cagayan Valley,2018-2019,Grade 10,47982.0
Region III - Central Luzon,2018-2019,Grade 10,153563.0
Region IV-A - CALABARZON,2018-2019,Grade 10,192466.0
Region IV-B - MIMAROPA,2018-2019,Grade 10,49940.0
Region V - Bicol Region,2018-2019,Grade 10,104248.0
Region VI - Western Visayas,2018-2019,Grade 10,118254.0
Region VII - Central Visayas,2018-2019,Grade 10,111950.0
Region VIII - Eastern Visayas,2018-2019,Grade 10,74945.0
Region IX - Zamboanga Peninsula,2018-2019,Grade 10,52329.0
Region X - Northern Mindanao,2018-2019,Grade 10,58987.0
Region XI - Davao Region,2018-2019,Grade 10,66673.0
Region XII - Soccsksargen,2018-2019,Grade 10,60394.0
CARAGA - CARAGA,2018-2019,Grade 10,42521.0
BARMM - Bangsamoro Autonomous Region in Muslim Mindanao,2018-2019,Grade 10,27735.0
CAR - Cordillera Administrative Region,2018-2019,Grade 10,21791.0
NCR - National Capital Region,2018-2019,Grade 10,154682.0
Region I - Ilocos Region,2019-2020,Grade 10,79405.0
Region II - Cagayan Valley,2019-2020,Grade 10,49517.0
Region III - Central Luzon,2019-2020,Grade 10,159459.0
Region IV-A - CALABARZON,2019-2020,Grade 10,201198.0
Region IV-B - MIMAROPA,2019-2020,Grade 10,52001.0
Region V - Bicol Region,2019-2020,Grade 10,109527.0
Region VI - Western Visayas,2019-2020,Grade 10,120544.0
Region VII - Central Visayas,2019-2020,Grade 10,117199.0
Region VIII - Eastern Visayas,2019-2020,Grade 10,78906.0
Region IX - Zamboanga Peninsula,2019-2020,Grade 10,56488.0
Region X - Northern Mindanao,2019-2020,Grade 10,63520.0
Region XI - Davao Region,2019-2020,Grade 10,73008.0
Region XII - Soccsksargen,2019-2020,Grade 10,64707.0
CARAGA - CARAGA,2019-2020,Grade 10,45572.0
BARMM - Bangsamoro Autonomous Region in Muslim Mindanao,2019-2020,Grade 10,30475.0
CAR - Cordillera Administrative Region,2019-2020,Grade 10,22677.0
NCR - National Capital Region,2019-2020,Grade 10,156134.0
Region I - Ilocos Region,2020-2021,Grade 10,85439.0
Region II - Cagayan Valley,2020-2021,Grade 10,55463.0
Region III - Central Luzon,2020-2021,Grade 10,171167.0
Region IV-A - CALABARZON,2020-2021,Grade 10,220604.0
Region IV-B - MIMAROPA,2020-2021,Grade 10,57392.0
Region V - Bicol Region,2020-2021,Grade 10,112529.0
Region VI - Western Visayas,2020-2021,Grade 10,138227.0
Region VII - Central Visayas,2020-2021,Grade 10,125381.0
Region VIII - Eastern Visayas,2020-2021,Grade 10,87289.0
Region IX - Zamboanga Peninsula,2020-2021,Grade 10,66181.0
Region X - Northern Mindanao,2020-2021,Grade 10,73626.0
Region XI - Davao Region,2020-2021,Grade 10,80582.0
Region XII - Soccsksargen,2020-2021,Grade 10,74145.0
CARAGA - CARAGA,2020-2021,Grade 10,51100.0
BARMM - Bangsamoro Autonomous Region in Muslim Mindanao,2020-2021,Grade 10,32096.0
CAR - Cordillera Administrative Region,2020-2021,Grade 10,24009.0
NCR - National Capital Region,2020-2021,Grade 10,161245.0
Region I - Ilocos Region,2010-2011,Non-Grade (SS),
Region II - Cagayan Valley,2010-2011,Non-Grade (SS),
Region III - Central Luzon,2010-2011,Non-Grade (SS),
Region IV-A - CALABARZON,2010-2011,Non-Grade (SS),
Region IV-B - MIMAROPA,2010-2011,Non-Grade (SS),
Region V - Bicol Region,2010-2011,Non-Grade (SS),
Region VI - Western Visayas,2010-2011,Non-Grade (SS),
Region VII - Central Visayas,2010-2011,Non-Grade (SS),
Region VIII - Eastern Visayas,2010-2011,Non-Grade (SS),
Region IX - Zamboanga Peninsula,2010-2011,Non-Grade (SS),
Region X - Northern Mindanao,2010-2011,Non-Grade (SS),
Region XI - Davao Region,2010-2011,Non-Grade (SS),
Region XII - Soccsksargen,2010-2011,Non-Grade (SS),
CARAGA - CARAGA,2010-2011,Non-Grade (SS),
BARMM - Bangsamoro Autonomous Region in Muslim Mindanao,2010-2011,Non-Grade (SS),
CAR - Cordillera Administrative Region,2010-2011,Non-Grade (SS),
NCR - National Capital Region,2010-2011,Non-Grade (SS),
Region I - Ilocos Region,2011-2012,Non-Grade (SS),
Region II - Cagayan Valley,2011-2012,Non-Grade (SS),
Region III - Central Luzon,2011-2012,Non-Grade (SS),
Region IV-A - CALABARZON,2011-2012,Non-Grade (SS),
Region IV-B - MIMAROPA,2011-2012,Non-Grade (SS),
Region V - Bicol Region,2011-2012,Non-Grade (SS),
Region VI - Western Visayas,2011-2012,Non-Grade (SS),
Region VII - Central Visayas,2011-2012,Non-Grade (SS),
Region VIII - Eastern Visayas,2011-2012,Non-Grade (SS),
Region IX - Zamboanga Peninsula,2011-2012,Non-Grade (SS),
Region X - Northern Mindanao,2011-2012,Non-Grade (SS),
Region XI - Davao Region,2011-2012,Non-Grade (SS),
Region XII - Soccsksargen,2011-2012,Non-Grade (SS),
CARAGA - CARAGA,2011-2012,Non-Grade (SS),
BARMM - Bangsamoro Autonomous Region in Muslim Mindanao,2011-2012,Non-Grade (SS),
CAR - Cordillera Administrative Region,2011-2012,Non-Grade (SS),
NCR - National Capital Region,2011-2012,Non-Grade (SS),
Region I - Ilocos Region,2012-2013,Non-Grade (SS),
Region II - Cagayan Valley,2012-2013,Non-Grade (SS),
Region III - Central Luzon,2012-2013,Non-Grade (SS),
Region IV-A - CALABARZON,2012-2013,Non-Grade (SS),
Region IV-B - MIMAROPA,2012-2013,Non-Grade (SS),
Region V - Bicol Region,2012-2013,Non-Grade (SS),
Region VI - Western Visayas,2012-2013,Non-Grade (SS),
Region VII - Central Visayas,2012-2013,Non-Grade (SS),
Region VIII - Eastern Visayas,2012-2013,Non-Grade (SS),
Region IX - Zamboanga Peninsula,2012-2013,Non-Grade (SS),
Region X - Northern Mindanao,2012-2013,Non-Grade (SS),
Region XI - Davao Region,2012-2013,Non-Grade (SS),
Region XII - Soccsksargen,2012-2013,Non-Grade (SS),
CARAGA - CARAGA,2012-2013,Non-Grade (SS),
BARMM - Bangsamoro Autonomous Region in Muslim Mindanao,2012-2013,Non-Grade (SS),
CAR - Cordillera Administrative Region,2012-2013,Non-Grade (SS),
NCR - National Capital Region,2012-2013,Non-Grade (SS),
Region I - Ilocos Region,2013-2014,Non-Grade (SS),
Region II - Cagayan Valley,2013-2014,Non-Grade (SS),
Region III - Central Luzon,2013-2014,Non-Grade (SS),
Region IV-A - CALABARZON,2013-2014,Non-Grade (SS),
Region IV-B - MIMAROPA,2013-2014,Non-Grade (SS),
Region V - Bicol Region,2013-2014,Non-Grade (SS),
Region VI - Western Visayas,2013-2014,Non-Grade (SS),
Region VII - Central Visayas,2013-2014,Non-Grade (SS),
Region VIII - Eastern Visayas,2013-2014,Non-Grade (SS),
Region IX - Zamboanga Peninsula,2013-2014,Non-Grade (SS),
Region X - Northern Mindanao,2013-2014,Non-Grade (SS),
Region XI - Davao Region,2013-2014,Non-Grade (SS),
Region XII - Soccsksargen,2013-2014,Non-Grade (SS),
CARAGA - CARAGA,2013-2014,Non-Grade (SS),
BARMM - Bangsamoro Autonomous Region in Muslim Mindanao,2013-2014,Non-Grade (SS),
CAR - Cordillera Administrative Region,2013-2014,Non-Grade (SS),
NCR - National Capital Region,2013-2014,Non-Grade (SS),
Region I - Ilocos Region,2014-2015,Non-Grade (SS),147.0
Region II - Cagayan Valley,2014-2015,Non-Grade (SS),0.0
Region III - Central Luzon,2014-2015,Non-Grade (SS),49.0
Region IV-A - CALABARZON,2014-2015,Non-Grade (SS),188.0
Region IV-B - MIMAROPA,2014-2015,Non-Grade (SS),176.0
Region V - Bicol Region,2014-2015,Non-Grade (SS),324.0
Region VI - Western Visayas,2014-2015,Non-Grade (SS),22.0
Region VII - Central Visayas,2014-2015,Non-Grade (SS),12.0
Region VIII - Eastern Visayas,2014-2015,Non-Grade (SS),264.0
Region IX - Zamboanga Peninsula,2014-2015,Non-Grade (SS),0.0
Region X - Northern Mindanao,2014-2015,Non-Grade (SS),157.0
Region XI - Davao Region,2014-2015,Non-Grade (SS),300.0
Region XII - Soccsksargen,2014-2015,Non-Grade (SS),12.0
CARAGA - CARAGA,2014-2015,Non-Grade (SS),65.0
BARMM - Bangsamoro Autonomous Region in Muslim Mindanao,2014-2015,Non-Grade (SS),0.0
CAR - Cordillera Administrative Region,2014-2015,Non-Grade (SS),18.0
NCR - National Capital Region,2014-2015,Non-Grade (SS),277.0
Region I - Ilocos Region,2015-2016,Non-Grade (SS),59.0
Region II - Cagayan Valley,2015-2016,Non-Grade (SS),3.0
Region III - Central Luzon,2015-2016,Non-Grade (SS),132.0
Region IV-A - CALABARZON,2015-2016,Non-Grade (SS),385.0
Region IV-B - MIMAROPA,2015-2016,Non-Grade (SS),67.0
Region V - Bicol Region,2015-2016,Non-Grade (SS),27.0
Region VI - Western Visayas,2015-2016,Non-Grade (SS),79.0
Region VII - Central Visayas,2015-2016,Non-Grade (SS),0.0
Region VIII - Eastern Visayas,2015-2016,Non-Grade (SS),74.0
Region IX - Zamboanga Peninsula,2015-2016,Non-Grade (SS),0.0
Region X - Northern Mindanao,2015-2016,Non-Grade (SS),608.0
Region XI - Davao Region,2015-2016,Non-Grade (SS),17.0
Region XII - Soccsksargen,2015-2016,Non-Grade (SS),17.0
CARAGA - CARAGA,2015-2016,Non-Grade (SS),22.0
BARMM - Bangsamoro Autonomous Region in Muslim Mindanao,2015-2016,Non-Grade (SS),0.0
CAR - Cordillera Administrative Region,2015-2016,Non-Grade (SS),14.0
NCR - National Capital Region,2015-2016,Non-Grade (SS),320.0
Region I - Ilocos Region,2016-2017,Non-Grade (SS),
Region II - Cagayan Valley,2016-2017,Non-Grade (SS),
Region III - Central Luzon,2016-2017,Non-Grade (SS),
Region IV-A - CALABARZON,2016-2017,Non-Grade (SS),
Region IV-B - MIMAROPA,2016-2017,Non-Grade (SS),
Region V - Bicol Region,2016-2017,Non-Grade (SS),
Region VI - Western Visayas,2016-2017,Non-Grade (SS),
Region VII - Central Visayas,2016-2017,Non-Grade (SS),
Region VIII - Eastern Visayas,2016-2017,Non-Grade (SS),
Region IX - Zamboanga Peninsula,2016-2017,Non-Grade (SS),
Region X - Northern Mindanao,2016-2017,Non-Grade (SS),
Region XI - Davao Region,2016-2017,Non-Grade (SS),
Region XII - Soccsksargen,2016-2017,Non-Grade (SS),
CARAGA - CARAGA,2016-2017,Non-Grade (SS),
BARMM - Bangsamoro Autonomous Region in Muslim Mindanao,2016-2017,Non-Grade (SS),
CAR - Cordillera Administrative Region,2016-2017,Non-Grade (SS),
NCR - National Capital Region,2016-2017,Non-Grade (SS),
Region I - Ilocos Region,2017-2018,Non-Grade (SS),
Region II - Cagayan Valley,2017-2018,Non-Grade (SS),
Region III - Central Luzon,2017-2018,Non-Grade (SS),
Region IV-A - CALABARZON,2017-2018,Non-Grade (SS),
Region IV-B - MIMAROPA,2017-2018,Non-Grade (SS),
Region V - Bicol Region,2017-2018,Non-Grade (SS),
Region VI - Western Visayas,2017-2018,Non-Grade (SS),
Region VII - Central Visayas,2017-2018,Non-Grade (SS),
Region VIII - Eastern Visayas,2017-2018,Non-Grade (SS),
Region IX - Zamboanga Peninsula,2017-2018,Non-Grade (SS),
Region X - Northern Mindanao,2017-2018,Non-Grade (SS),
Region XI - Davao Region,2017-2018,Non-Grade (SS),
Region XII - Soccsksargen,2017-2018,Non-Grade (SS),
CARAGA - CARAGA,2017-2018,Non-Grade (SS),
BARMM - Bangsamoro Autonomous Region in Muslim Mindanao,2017-2018,Non-Grade (SS),
CAR - Cordillera Administrative Region,2017-2018,Non-Grade (SS),
NCR - National Capital Region,2017-2018,Non-Grade (SS),
Region I - Ilocos Region,2018-2019,Non-Grade (SS),
Region II - Cagayan Valley,2018-2019,Non-Grade (SS),
Region III - Central Luzon,2018-2019,Non-Grade (SS),
Region IV-A - CALABARZON,2018-2019,Non-Grade (SS),
Region IV-B - MIMAROPA,2018-2019,Non-Grade (SS),
Region V - Bicol Region,2018-2019,Non-Grade (SS),
Region VI - Western Visayas,2018-2019,Non-Grade (SS),
Region VII - Central Visayas,2018-2019,Non-Grade (SS),
Region VIII - Eastern Visayas,2018-2019,Non-Grade (SS),
Region IX - Zamboanga Peninsula,2018-2019,Non-Grade (SS),
Region X - Northern Mindanao,2018-2019,Non-Grade (SS),
Region XI - Davao Region,2018-2019,Non-Grade (SS),
Region XII - Soccsksargen,2018-2019,Non-Grade (SS),
CARAGA - CARAGA,2018-2019,Non-Grade (SS),
BARMM - Bangsamoro Autonomous Region in Muslim Mindanao,2018-2019,Non-Grade (SS),
CAR - Cordillera Administrative Region,2018-2019,Non-Grade (SS),
NCR - National Capital Region,2018-2019,Non-Grade (SS),
Region I - Ilocos Region,2019-2020,Non-Grade (SS),
Region II - Cagayan Valley,2019-2020,Non-Grade (SS),
Region III - Central Luzon,2019-2020,Non-Grade (SS),
Region IV-A - CALABARZON,2019-2020,Non-Grade (SS),
Region IV-B - MIMAROPA,2019-2020,Non-Grade (SS),
Region V - Bicol Region,2019-2020,Non-Grade (SS),
Region VI - Western Visayas,2019-2020,Non-Grade (SS),
Region VII - Central Visayas,2019-2020,Non-Grade (SS),
Region VIII - Eastern Visayas,2019-2020,Non-Grade (SS),
Region IX - Zamboanga Peninsula,2019-2020,Non-Grade (SS),
Region X - Northern Mindanao,2019-2020,Non-Grade (SS),
Region XI - Davao Region,2019-2020,Non-Grade (SS),
Region XII - Soccsksargen,2019-2020,Non-Grade (SS),
CARAGA - CARAGA,2019-2020,Non-Grade (SS),
BARMM - Bangsamoro Autonomous Region in Muslim Mindanao,2019-2020,Non-Grade (SS),
CAR - Cordillera Administrative Region,2019-2020,Non-Grade (SS),
NCR - National Capital Region,2019-2020,Non-Grade (SS),
Region I - Ilocos Region,2020-2021,Non-Grade (SS),
Region II - Cagayan Valley,2020-2021,Non-Grade (SS),
Region III - Central Luzon,2020-2021,Non-Grade (SS),
Region IV-A - CALABARZON,2020-2021,Non-Grade (SS),
Region IV-B - MIMAROPA,2020-2021,Non-Grade (SS),
Region V - Bicol Region,2020-2021,Non-Grade (SS),
Region VI - Western Visayas,2020-2021,Non-Grade (SS),
Region VII - Central Visayas,2020-2021,Non-Grade (SS),
Region VIII - Eastern Visayas,2020-2021,Non-Grade (SS),
Region IX - Zamboanga Peninsula,2020-2021,Non-Grade (SS),
Region X - Northern Mindanao,2020-2021,Non-Grade (SS),
Region XI - Davao Region,2020-2021,Non-Grade (SS),
Region XII - Soccsksargen,2020-2021,Non-Grade (SS),
CARAGA - CARAGA,2020-2021,Non-Grade (SS),
BARMM - Bangsamoro Autonomous Region in Muslim Mindanao,2020-2021,Non-Grade (SS),
CAR - Cordillera Administrative Region,2020-2021,Non-Grade (SS),
NCR - National Capital Region,2020-2021,Non-Grade (SS),
Region I - Ilocos Region,2010-2011,Non-Grade (JHS),
Region II - Cagayan Valley,2010-2011,Non-Grade (JHS),
Region III - Central Luzon,2010-2011,Non-Grade (JHS),
Region IV-A - CALABARZON,2010-2011,Non-Grade (JHS),
Region IV-B - MIMAROPA,2010-2011,Non-Grade (JHS),
Region V - Bicol Region,2010-2011,Non-Grade (JHS),
Region VI - Western Visayas,2010-2011,Non-Grade (JHS),
Region VII - Central Visayas,2010-2011,Non-Grade (JHS),
Region VIII - Eastern Visayas,2010-2011,Non-Grade (JHS),
Region IX - Zamboanga Peninsula,2010-2011,Non-Grade (JHS),
Region X - Northern Mindanao,2010-2011,Non-Grade (JHS),
Region XI - Davao Region,2010-2011,Non-Grade (JHS),
Region XII - Soccsksargen,2010-2011,Non-Grade (JHS),
CARAGA - CARAGA,2010-2011,Non-Grade (JHS),
BARMM - Bangsamoro Autonomous Region in Muslim Mindanao,2010-2011,Non-Grade (JHS),
CAR - Cordillera Administrative Region,2010-2011,Non-Grade (JHS),
NCR - National Capital Region,2010-2011,Non-Grade (JHS),
Region I - Ilocos Region,2011-2012,Non-Grade (JHS),
Region II - Cagayan Valley,2011-2012,Non-Grade (JHS),
Region III - Central Luzon,2011-2012,Non-Grade (JHS),
Region IV-A - CALABARZON,2011-2012,Non-Grade (JHS),
Region IV-B - MIMAROPA,2011-2012,Non-Grade (JHS),
Region V - Bicol Region,2011-2012,Non-Grade (JHS),
Region VI - Western Visayas,2011-2012,Non-Grade (JHS),
Region VII - Central Visayas,2011-2012,Non-Grade (JHS),
Region VIII - Eastern Visayas,2011-2012,Non-Grade (JHS),
Region IX - Zamboanga Peninsula,2011-2012,Non-Grade (JHS),
Region X - Northern Mindanao,2011-2012,Non-Grade (JHS),
Region XI - Davao Region,2011-2012,Non-Grade (JHS),
Region XII - Soccsksargen,2011-2012,Non-Grade (JHS),
CARAGA - CARAGA,2011-2012,Non-Grade (JHS),
BARMM - Bangsamoro Autonomous Region in Muslim Mindanao,2011-2012,Non-Grade (JHS),
CAR - Cordillera Administrative Region,2011-2012,Non-Grade (JHS),
NCR - National Capital Region,2011-2012,Non-Grade (JHS),
Region I - Ilocos Region,2012-2013,Non-Grade (JHS),
Region II - Cagayan Valley,2012-2013,Non-Grade (JHS),
Region III - Central Luzon,2012-2013,Non-Grade (JHS),
Region IV-A - CALABARZON,2012-2013,Non-Grade (JHS),
Region IV-B - MIMAROPA,2012-2013,Non-Grade (JHS),
Region V - Bicol Region,2012-2013,Non-Grade (JHS),
Region VI - Western Visayas,2012-2013,Non-Grade (JHS),
Region VII - Central Visayas,2012-2013,Non-Grade (JHS),
Region VIII - Eastern Visayas,2012-2013,Non-Grade (JHS),
Region IX - Zamboanga Peninsula,2012-2013,Non-Grade (JHS),
Region X - Northern Mindanao,2012-2013,Non-Grade (JHS),
Region XI - Davao Region,2012-2013,Non-Grade (JHS),
Region XII - Soccsksargen,2012-2013,Non-Grade (JHS),
CARAGA - CARAGA,2012-2013,Non-Grade (JHS),
BARMM - Bangsamoro Autonomous Region in Muslim Mindanao,2012-2013,Non-Grade (JHS),
CAR - Cordillera Administrative Region,2012-2013,Non-Grade (JHS),
NCR - National Capital Region,2012-2013,Non-Grade (JHS),
Region I - Ilocos Region,2013-2014,Non-Grade (JHS),
Region II - Cagayan Valley,2013-2014,Non-Grade (JHS),
Region III - Central Luzon,2013-2014,Non-Grade (JHS),
Region IV-A - CALABARZON,2013-2014,Non-Grade (JHS),
Region IV-B - MIMAROPA,2013-2014,Non-Grade (JHS),
Region V - Bicol Region,2013-2014,Non-Grade (JHS),
Region VI - Western Visayas,2013-2014,Non-Grade (JHS),
Region VII - Central Visayas,2013-2014,Non-Grade (JHS),
Region VIII - Eastern Visayas,2013-2014,Non-Grade (JHS),
Region IX - Zamboanga Peninsula,2013-2014,Non-Grade (JHS),
Region X - Northern Mindanao,2013-2014,Non-Grade (JHS),
Region XI - Davao Region,2013-2014,Non-Grade (JHS),
Region XII - Soccsksargen,2013-2014,Non-Grade (JHS),
CARAGA - CARAGA,2013-2014,Non-Grade (JHS),
BARMM - Bangsamoro Autonomous Region in Muslim Mindanao,2013-2014,Non-Grade (JHS),
CAR - Cordillera Administrative Region,2013-2014,Non-Grade (JHS),
NCR - National Capital Region,2013-2014,Non-Grade (JHS),
Region I - Ilocos Region,2014-2015,Non-Grade (JHS),
Region II - Cagayan Valley,2014-2015,Non-Grade (JHS),
Region III - Central Luzon,2014-2015,Non-Grade (JHS),
Region IV-A - CALABARZON,2014-2015,Non-Grade (JHS),
Region IV-B - MIMAROPA,2014-2015,Non-Grade (JHS),
Region V - Bicol Region,2014-2015,Non-Grade (JHS),
Region VI - Western Visayas,2014-2015,Non-Grade (JHS),
Region VII - Central Visayas,2014-2015,Non-Grade (JHS),
Region VIII - Eastern Visayas,2014-2015,Non-Grade (JHS),
Region IX - Zamboanga Peninsula,2014-2015,Non-Grade (JHS),
Region X - Northern Mindanao,2014-2015,Non-Grade (JHS),
Region XI - Davao Region,2014-2015,Non-Grade (JHS),
Region XII - Soccsksargen,2014-2015,Non-Grade (JHS),
CARAGA - CARAGA,2014-2015,Non-Grade (JHS),
BARMM - Bangsamoro Autonomous Region in Muslim Mindanao,2014-2015,Non-Grade (JHS),
CAR - Cordillera Administrative Region,2014-2015,Non-Grade (JHS),
NCR - National Capital Region,2014-2015,Non-Grade (JHS),
Region I - Ilocos Region,2015-2016,Non-Grade (JHS),
Region II - Cagayan Valley,2015-2016,Non-Grade (JHS),
Region III - Central Luzon,2015-2016,Non-Grade (JHS),
Region IV-A - CALABARZON,2015-2016,Non-Grade (JHS),
Region IV-B - MIMAROPA,2015-2016,Non-Grade (JHS),
Region V - Bicol Region,2015-2016,Non-Grade (JHS),
Region VI - Western Visayas,2015-2016,Non-Grade (JHS),
Region VII - Central Visayas,2015-2016,Non-Grade (JHS),
Region VIII - Eastern Visayas,2015-2016,Non-Grade (JHS),
Region IX - Zamboanga Peninsula,2015-2016,Non-Grade (JHS),
Region X - Northern Mindanao,2015-2016,Non-Grade (JHS),
Region XI - Davao Region,2015-2016,Non-Grade (JHS),
Region XII - Soccsksargen,2015-2016,Non-Grade (JHS),
CARAGA - CARAGA,2015-2016,Non-Grade (JHS),
BARMM - Bangsamoro Autonomous Region in Muslim Mindanao,2015-2016,Non-Grade (JHS),
CAR - Cordillera Administrative Region,2015-2016,Non-Grade (JHS),
NCR - National Capital Region,2015-2016,Non-Grade (JHS),
Region I - Ilocos Region,2016-2017,Non-Grade (JHS),39.0
Region II - Cagayan Valley,2016-2017,Non-Grade (JHS),9.0
Region III - Central Luzon,2016-2017,Non-Grade (JHS),145.0
Region IV-A - CALABARZON,2016-2017,Non-Grade (JHS),536.0
Region IV-B - MIMAROPA,2016-2017,Non-Grade (JHS),13.0
Region V - Bicol Region,2016-2017,Non-Grade (JHS),56.0
Region VI - Western Visayas,2016-2017,Non-Grade (JHS),76.0
Region VII - Central Visayas,2016-2017,Non-Grade (JHS),0.0
Region VIII - Eastern Visayas,2016-2017,Non-Grade (JHS),253.0
Region IX - Zamboanga Peninsula,2016-2017,Non-Grade (JHS),6.0
Region X - Northern Mindanao,2016-2017,Non-Grade (JHS),401.0
Region XI - Davao Region,2016-2017,Non-Grade (JHS),20.0
Region XII - Soccsksargen,2016-2017,Non-Grade (JHS),40.0
CARAGA - CARAGA,2016-2017,Non-Grade (JHS),0.0
BARMM - Bangsamoro Autonomous Region in Muslim Mindanao,2016-2017,Non-Grade (JHS),53.0
CAR - Cordillera Administrative Region,2016-2017,Non-Grade (JHS),27.0
NCR - National Capital Region,2016-2017,Non-Grade (JHS),254.0
Region I - Ilocos Region,2017-2018,Non-Grade (JHS),103.0
Region II - Cagayan Valley,2017-2018,Non-Grade (JHS),36.0
Region III - Central Luzon,2017-2018,Non-Grade (JHS),165.0
Region IV-A - CALABARZON,2017-2018,Non-Grade (JHS),423.0
Region IV-B - MIMAROPA,2017-2018,Non-Grade (JHS),22.0
Region V - Bicol Region,2017-2018,Non-Grade (JHS),85.0
Region VI - Western Visayas,2017-2018,Non-Grade (JHS),73.0
Region VII - Central Visayas,2017-2018,Non-Grade (JHS),797.0
Region VIII - Eastern Visayas,2017-2018,Non-Grade (JHS),19.0
Region IX - Zamboanga Peninsula,2017-2018,Non-Grade (JHS),56.0
Region X - Northern Mindanao,2017-2018,Non-Grade (JHS),573.0
Region XI - Davao Region,2017-2018,Non-Grade (JHS),29.0
Region XII - Soccsksargen,2017-2018,Non-Grade (JHS),97.0
CARAGA - CARAGA,2017-2018,Non-Grade (JHS),6.0
BARMM - Bangsamoro Autonomous Region in Muslim Mindanao,2017-2018,Non-Grade (JHS),0.0
CAR - Cordillera Administrative Region,2017-2018,Non-Grade (JHS),80.0
NCR - National Capital Region,2017-2018,Non-Grade (JHS),342.0
Region I - Ilocos Region,2018-2019,Non-Grade (JHS),
Region II - Cagayan Valley,2018-2019,Non-Grade (JHS),
Region III - Central Luzon,2018-2019,Non-Grade (JHS),
Region IV-A - CALABARZON,2018-2019,Non-Grade (JHS),
Region IV-B - MIMAROPA,2018-2019,Non-Grade (JHS),
Region V - Bicol Region,2018-2019,Non-Grade (JHS),
Region VI - Western Visayas,2018-2019,Non-Grade (JHS),
Region VII - Central Visayas,2018-2019,Non-Grade (JHS),
Region VIII - Eastern Visayas,2018-2019,Non-Grade (JHS),
Region IX - Zamboanga Peninsula,2018-2019,Non-Grade (JHS),
Region X - Northern Mindanao,2018-2019,Non-Grade (JHS),
Region XI - Davao Region,2018-2019,Non-Grade (JHS),
Region XII - Soccsksargen,2018-2019,Non-Grade (JHS),
CARAGA - CARAGA,2018-2019,Non-Grade (JHS),
BARMM - Bangsamoro Autonomous Region in Muslim Mindanao,2018-2019,Non-Grade (JHS),
CAR - Cordillera Administrative Region,2018-2019,Non-Grade (JHS),
NCR - National Capital Region,2018-2019,Non-Grade (JHS),
Region I - Ilocos Region,2019-2020,Non-Grade (JHS),141.0
Region II - Cagayan Valley,2019-2020,Non-Grade (JHS),22.0
Region III - Central Luzon,2019-2020,Non-Grade (JHS),190.0
Region IV-A - CALABARZON,2019-2020,Non-Grade (JHS),568.0
Region IV-B - MIMAROPA,2019-2020,Non-Grade (JHS),19.0
Region V - Bicol Region,2019-2020,Non-Grade (JHS),303.0
Region VI - Western Visayas,2019-2020,Non-Grade (JHS),73.0
Region VII - Central Visayas,2019-2020,Non-Grade (JHS),10.0
Region VIII - Eastern Visayas,2019-2020,Non-Grade (JHS),0.0
Region IX - Zamboanga Peninsula,2019-2020,Non-Grade (JHS),24.0
Region X - Northern Mindanao,2019-2020,Non-Grade (JHS),158.0
Region XI - Davao Region,2019-2020,Non-Grade (JHS),31.0
Region XII - Soccsksargen,2019-2020,Non-Grade (JHS),29.0
CARAGA - CARAGA,2019-2020,Non-Grade (JHS),17.0
BARMM - Bangsamoro Autonomous Region in Muslim Mindanao,2019-2020,Non-Grade (JHS),0.0
CAR - Cordillera Administrative Region,2019-2020,Non-Grade (JHS),41.0
NCR - National Capital Region,2019-2020,Non-Grade (JHS),296.0
Region I - Ilocos Region,2020-2021,Non-Grade (JHS),77.0
Region II - Cagayan Valley,2020-2021,Non-Grade (JHS),28.0
Region III - Central Luzon,2020-2021,Non-Grade (JHS),172.0
Region IV-A - CALABARZON,2020-2021,Non-Grade (JHS),518.0
Region IV-B - MIMAROPA,2020-2021,Non-Grade (JHS),25.0
Region V - Bicol Region,2020-2021,Non-Grade (JHS),69.0
Region VI - Western Visayas,2020-2021,Non-Grade (JHS),45.0
Region VII - Central Visayas,2020-2021,Non-Grade (JHS),9.0
Region VIII - Eastern Visayas,2020-2021,Non-Grade (JHS),0.0
Region IX - Zamboanga Peninsula,2020-2021,Non-Grade (JHS),33.0
Region X - Northern Mindanao,2020-2021,Non-Grade (JHS),123.0
Region XI - Davao Region,2020-2021,Non-Grade (JHS),17.0
Region XII - Soccsksargen,2020-2021,Non-Grade (JHS),74.0
CARAGA - CARAGA,2020-2021,Non-Grade (JHS),30.0
BARMM - Bangsamoro Autonomous Region in Muslim Mindanao,2020-2021,Non-Grade (JHS),0.0
CAR - Cordillera Administrative Region,2020-2021,Non-Grade (JHS),21.0
NCR - National Capital Region,2020-2021,Non-Grade (JHS),363.0
